video_id,title,views,likes,comments,shares,face_present,emotion,sentiment
o7rxKmWR-gc,"Daaku Maharaaj | Trailer | Nandamuri Balakrishna, Urvashi Rautela, Bobby Deol | Netflix India",36690,1633,80,0,1,neutral,0.04780525030525031
6YNNyr9bj_Q,Manjulika's Most TERRIFYING Entry Scene 😱 | Bhool Bhulaiyaa 3 | Netflix India,20969,490,43,0,0,Unknown,0.08697895998677249
XkCp-OXEuIo,Nithya Menen & Ravi Mohan’s MOST ROMANTIC Meet-Cute 🥺❤️ | Kadhalikka Neramillai | Netflix India,22914,339,31,0,1,happy,0.08843809523809522
dhgbmxvM1hQ,Yami Gautam's EPIC Fight With Her BEST-FRIEND! ft. Pratik Gandhi | Dhoom Dhaam | Netflix India,58416,679,44,0,1,sad,0.14954022988505747
VK6XhrF05kw,Ajith Kumar’s HIGH VOLTAGE Bank Shootout Scene! 🔥😳 | Thunivu | Hindi Clip | Netflix India,20711,400,30,0,1,sad,-0.0140625
76XKqJRsvq8,"⁠Sunil Grover’s FUNNIEST Mimicry As Khali Ft. Rohit Sharma, SKY 🤣 | #TGIKS | Netflix India",1453346,13352,244,0,1,sad,0.10380833333333332
G-2255D8Q00,Sehwag Sings 'Samne Yeh Kaun Aaya' and Smashes a Six | The Greatest Rivalry | Netflix India,80150,1389,50,0,0,Unknown,0.21856758832565285
py-DiqNTFIQ,Yami Gautam SAVES Pratik Gandhi On SUHAGRAAT?! 🤭 | Dhoom Dhaam | Netflix India,69527,493,25,0,0,Unknown,0.13798409598214287
iinYKjT1snA,"⁠SRK, Triptii Dimri, Imran Khan & More Show Us What LOVE Feels Like 💕 #LailaMajnu, #OmShantiOm",17678,602,11,0,0,neutral,0.25
EqHM9rw50d4,Vikramaditya Motwane Breaks Down the Making of CTRL | Ft. Ananya Panday | Netflix India,27742,508,37,0,1,sad,0.1339853896103896
eiHIFrHZPqQ,Yami Gautam Delivers a POWERFUL Monologue on Womanhood 🔥 | Dhoom Dhaam | Netflix India,114463,2706,200,0,1,sad,0.043570672210964764
pS7_rsLplPk,THIS OR THAT Challenge 🤯 Ft. Yami Gautam & Pratik Gandhi | Dhoom Dhaam | Netflix India,27398,378,20,0,1,surprise,0.21852941176470586
PFRwl7FP4Lg,"Kadhalikka Neramillai | Trailer | Ravi Mohan, Nithya Menon | AR Rahman | Netflix India",390253,3112,128,0,0,Unknown,0.11606187590187587
MuTa7S1jSaY,Yami Gautam & Pratik Gandhi ROAST the FUNNIEST Matrimonial Bios😂 | Dhoom Dhaam | Netflix India,23284,374,17,0,1,happy,0.03985347985347986
S-mqWFyMlDI,How India SNATCHED Victory Against Pakistan! | The Greatest Rivalry: India vs Pakistan,91958,1196,54,0,1,neutral,0.15879699248120302
aPUMc1KSl7Y,Sehwag & Shoaib Akhtar Talk About The ICONIC 2004 Tour | The Greatest Rivalry | Netflix india,126281,1715,72,0,1,happy,0.07645282186948854
_UMrJ1L71EI,"Dulquer Salmaan’s BEST Heist Sequences Of All Time! | Ft. Lucky Baskhar, Kurup | Netflix India",209196,1715,51,0,1,happy,0.06689038199454865
qkROOzdtPfM,Rohit Sharma ROASTS These Cricketers 😂🔥 ft. SKY & Shivam Dube | #TGIKS | Netflix India,200780,3081,82,0,1,happy,0.029591836734693882
hUKjQ6IpUsU,"These Desi Parents Are SAVAGE AF 🤣🔥 | Bareilly ki Barfi, Dil Dhadakne Do, Badhaai Do & More!",272527,1803,51,0,1,happy,0.0005319148936170193
9ienDzEGhcU,Squid Game in Real Life: Creating the Mingle Game | Netflix India,244029,5056,134,0,0,Unknown,-0.01688875360750361
1Bll53fBa9U,Mrs. Chatterjee vs Norway | Official Trailer | Rani Mukerji | Netflix India,1705299,19107,1603,0,0,sad,0.09124692159692158
H1YR5rsScC8,"Janiye | Music Video | Chor Nikal Ke Bhaga | Vishal Mishra, Rashmeet Kaur| Netflix India",164451223,901678,20367,0,0,sad,0.10690807291666667
q0ChFyakQ8U,Tanmay Bhat Reacts To Start-Up Ft. @VarunMayya | Netflix India,252706,4558,125,0,1,happy,0.1625181415806416
wbEWbAKo29Q,"Rana Naidu | Official Trailer | Rana Daggubati, Venkatesh Daggubati, Surveen Chawla | Netflix India",34912047,35641,620,0,0,Unknown,0.10203471513605444
6EFW-JQhC_c,The Ultimate Class Competition | Class | Netflix India,983810,14453,431,0,1,neutral,0.14917091224747475
0AyGdBtMiFQ,"Sidharth Malhotra and @ZakirKhan Discuss SRK, Spies & More | Mission Majnu",2926898,72059,1048,0,1,happy,0.260562148962149
dNoDS6UF1GU,"The Actors' Roundtable 2022 with Rajeev Masand | Teaser | Kartik Aaryan, Diljit Dosanjh & More!",431613,4483,447,0,1,angry,0.06380585768398268
XneHBxjMg_Y,Khakee: The Bihar Chapter | Official Trailer | Netflix India,61476125,111875,4161,0,1,neutral,0.1844190476190476
94lLJy5-Kww,Khakee: The Bihar Chapter | Official Teaser | Netflix India,2126533,45481,1868,0,0,Unknown,0.17084647366522365
oA8-z3p4oh0,"Mismatched | Season 1 Episode 1 | Rohit Saraf, @MostlySane | Netflix India",10204670,208521,1615,0,1,happy,0.06448749999999999
HykofdboPyg,"Plan A Plan B | Official Trailer | Riteish Deshmukh, Tamannaah Bhatia | Netflix India",22895929,114364,2150,0,1,neutral,0.16777242288961036
6DQ_lEmt0aM,"Jamtara: Season 2 | Official Trailer | Amit Sial, Monika Panwar, Sparsh Shrivastava | Netflix India",13848668,46783,951,0,0,Unknown,0.13948300471230157
If2QN6kdpo4,Wedding Season | Official Trailer | Netflix India,271668,4214,122,0,0,Unknown,0.20783493416305912
uLX_gQVsCK4,Delhi Crime: Season 2 | Official Trailer | Netflix India,40364518,62858,1371,0,1,sad,0.2029115615337044
XCr0amrMPt0,Vicky & Angira Accidentally Get Married | Love Per Square Foot | Netflix India,2019119,12840,208,0,1,sad,0.12662956677161222
RUImwYM7dGk,"Who's The Biggest Fattu? | @tanmaybhat, @aishmrj, @JokeSingh & Aakash Shah",1516750,65382,729,0,1,happy,0.06538776041666668
eyp7oGmWEw0,"Fboi or Sweetboi Ft. Kusha Kapila, Masaba Gupta, Armaan & Neil | Masaba Masaba | Netflix India",134479,2500,42,0,1,happy,0.21850694444444446
JqDyWHWS92w,When @Shehnaazgillofficial Met Masaba Gupta | Masaba Masaba: Season 2 | Netflix India,2443883,58224,4385,0,1,fear,0.21293690476190477
LYyU74Gtwj8,Haanikaarak Darlings Vs Haanikaarak Door | Darlings | Netflix India,2183641,2680,38,0,0,happy,0.09956896551724137
MwydGN-mao0,Indian Matchmaking: Season 2 | Official Trailer | Netflix India,371423,5166,361,0,1,sad,0.1366872377622378
Dmx5KDOpqeg,"Darlings | Official Trailer | Alia Bhatt, Shefali Shah, Vijay Varma, Roshan Mathew | Netflix India",47935510,183174,7218,0,1,surprise,0.08338268398268399
gH7Smyqlo74,"Team Dhairya Vs. Team Fateh | Masaba Masaba | Masaba Gupta, Neena Gupta | Netflix India",185105,1076,28,0,0,Unknown,0.006426533857089413
ydoqfYCwmxQ,Delhi Crime: Season 2 | Official Teaser | Netflix India,1452071,32396,647,0,0,Unknown,0.18161751893939393
zeBTnAIC_98,The Ultimate Law Test Ft. Tovino Thomas & Keerthy Suresh | Vaashi | Netflix India,244572,5380,85,0,1,happy,0.1924291938997821
IkF8uIC4W5k,"Magic Meenu Ki Cycle Trick | Jitendra Kumar, Arushi Sharma | Jaadugar  | Netflix India",3786182,68787,558,0,1,neutral,0.08535277777777779
XMwvgZR35wo,Becoming Vecna ft. Jamie Campbell Bower | Behind the Scenes | Stranger Things 4 | Netflix India,1574563,35390,521,0,0,Unknown,0.22549977747946504
mG4khaXzLsA,@BakLolVideo Goes On A Wild Adventure! | Ranveer Vs Wild With Bear Grylls | Netflix India,584710,9440,699,0,1,sad,0.15764999999999993
g9U5gCIZUmc,Unfiltered With Jitendra Kumar Ft. @UNFILTEREDbySamdish  | Jaadugar | Netflix India,2384126,58246,1626,0,1,happy,0.08776397213897214
XwCJxackVpI,"Pick Up Lines Battle - Magic Edition | Jitendra Kumar, Arushi Sharma | Jaadugar",1067485,19318,247,0,1,happy,0.22188754208754205
rExZeNAxJu4,"Masaba Masaba: Season 2 | Official Trailer | Masaba Gupta, Neena Gupta, Kusha Kapila, Barkha Singh",16422006,15255,309,0,1,neutral,0.19713153548925036
DfE2NtGK3mQ,"Our Favourites Are Back With Season Twos | Mismatched, Delhi Crime, Jamtara & More | Netflix India",6290690,3763,219,0,1,neutral,0.059319444444444445
aZrgi-02Y9c,Ranveer's Description of Deepika is 🥺 | Ranveer vs Wild With Bear Grylls | Netflix India #shorts,689795,31230,136,0,1,happy,0.14147586433876755
U-3QHCuKW4U,A Wild Food Journey With Bear Grylls Ft. Kishen Das | Menu Please | Ranveer Vs Wild With Bear Grylls,259891,6245,78,0,1,happy,0.07319978632478633
hewaloVB6JQ,Major Sandeep Executes An Underwater Attack | Major | Netflix India,1605670,20140,345,0,0,Unknown,0.11352196969696969
D346arxIYBk,Dhanush Fights Ryan Gosling and Ana De Armas | The Gray Man | Netflix India,6589109,187916,5105,0,1,neutral,0.1293005844823514
TJrHoWytRDQ,@KaranSinghMagic Blows Jeetu Bhaiya’s Mind | Jaadugar | Netflix India,129517,5816,157,0,0,fear,0.09358533791523482
EGG-2VJQe6Q,Jaadugari (Acapella Version) ft @YashrajMukhateOfficial  | Nilotpal Bora | Jaadugar | Netflix India,212859,12034,285,0,1,neutral,0.23149673633658008
9NXD048klnc,Major Sandeep And Squad Plan A Counter Attack | Major | Netflix India,1494391,17341,329,0,1,angry,0.13568568594104302
fcSqg11QKEY,Dishing Delicious Secrets With Andrea Kevichüsa | Anek | Menu Please | Netflix India,579261,25584,775,0,1,happy,0.2934341883116884
L5jpfFrOilc,What Went Behind Max’s Running Up That Hill Scene? | Stranger Things | Sadie Sink | Netflix India,122522,4103,113,0,1,happy,0.2165235328907204
hNL91YjEhSo,Kartik Aaryan Finds All The Gold | Bhool Bhulaiyaa 2 Movie Scene | Netflix India,4442747,54607,879,0,1,disgust,0.1881678300865801
_Nx5qg9Yejw,Indian Predator: The Butcher of Delhi | Official Trailer | Netflix India,4427070,69164,1309,0,0,Unknown,0.016056024531024532
zpNYWsdPhq8,Stranger Things & the Strangest Theories | Decode with @dhruvrathee | Netflix India,863925,44741,1449,0,1,fear,0.04038333333333334
2V69tiQ2Dc4,"Jaadugari Music Video | Jitendra Kumar, Arushi Sharma | Nilotpal Bora | Jaadugar | Netflix India",2314621,45339,1630,0,1,happy,0.16746720779220783
joH3je2HrxA,Ranveer Vs Wild With Bear Grylls | Official Trailer | Netflix India,30010936,131478,3415,0,0,Unknown,0.06112554112554113
uxZSgCSO9fY,Money Heist: Korea - Joint Economic Area | Now Streaming | Netflix India,172414,6021,546,0,0,Unknown,0.11623200363005053
l5OAxkuq850,Stranger Things 4 | Volume 2 Hindi Trailer | Netflix India,1498504,62065,1838,0,1,neutral,0.13707727272727271
r5oDqWJRoFo,Stranger Things 4 | Volume 2 Trailer | Netflix India,469077,22491,902,0,1,neutral,0.06123148148148149
i7yFiUio0u0,"Jaadugar | Official Trailer | Jitendra Kumar, Jaaved Jaaferi, Arushi Sharma | Netflix India",23616362,336387,7796,0,1,angry,0.08087063492063491
g6S9uomLG1k,"Cast Reacts To Badass Moments in She Season 2 | Aaditi Pohankar, Vishwas Kini, Kishore Kumar",246888,3590,196,0,1,happy,0.19288864399489394
ZRnUVILQ82A,Kartik Aaryan and Kiara Advani Did What?! | Ft. @AakashGupta | Bhool Bhulaiyaa 2,581011,22268,243,0,1,happy,0.07881125992063492
aNcBgWvwpCk,Vijay Varma Confronts Aaditi Pohankar | She Season 2 | Netflix India,672563,4312,149,0,1,neutral,0.23442648809523814
0W3aiSZ6Aq4,The Ultimate Undercover Mission ft. @Round2hell | She Season 2 | Aaditi Pohankar | Netflix India,38271431,1284671,20594,0,1,sad,0.07961363636363634
r2Q9sLD-z1E,"She Season 2 | One Day To Go | Aaditi Pohankar, Kishore Kumar, Vishwas Kini | Netflix India",218257,2797,105,0,1,neutral,0.08468013468013469
MSGY4vOoyO4,All The Peters Assemble! | Spiderman: No Way Home | Netflix India,294870,14299,388,0,0,Unknown,0.17617271659818048
vj5wFI_VhUY,Bhumi Character Promo | She Season 2 | Aaditi Pohankar | Netflix India,2631265,5037,126,0,1,sad,0.19634128547036928
DnS76XzOTEs,Sivakarthikeyan Conducts Exams For Teachers | Don | Netflix India,5162123,66767,413,0,1,neutral,0.08476388888888887
xuPw_myGt6w,A Stranger Things Dungeons & Dragons Adventure: The Hellfire Club | Geeked Week | Netflix India,182733,6069,235,0,1,happy,0.11007696269982452
HFr4GOsj_kw,"She S2 Official Trailer | Aaditi Pohankar, Kishore, Vishwas Kini | Netflix India",8516778,74809,690,0,1,sad,0.1202224386724387
hsjdKsksPJE,Umbrella Academy: Season 3 - Specialty Hotel | Netflix India,477014,9819,194,0,1,neutral,0.11517792664574253
uoUlX9HSoYU,Bhumi Shares Her Number With A Stranger | She Season 2 | Netflix India,3374311,29434,375,0,1,happy,0.12091111111111111
en4dS92zClM,Irrfan and Parvathy’s First Date | Qarib Qarib Singlle | Netflix India,1306591,11495,424,0,1,neutral,0.17157073412698412
4J4WrrnHT5U,@TheHarshBeniwal & @Mythpat: The Ultimate RRR Stunt | S.S. Rajamouli | Netflix India,3941112,206963,3176,0,1,happy,0.035208333333333314
fNEtMv79QCY,"She Season 2 Teaser | Aaditi Pohankar, Vishwas Kini, Kishore & more | Netflix India",1558846,13905,345,0,1,angry,0.06805741837527551
P9zouOSirLQ,"She Season 1 Recap | Aaditi Pohankar, Vijay Verma, Kishore, Vishwas Kini | Netflix India",272661,2299,36,0,1,fear,0.118578431372549
j_S_NBhQNTs,Jr. NTR's Entry Scene | RRR (Hindi) | Netflix India,20348854,127576,2516,0,0,Unknown,0.13915511904761904
OKiIE3Ou3KI,Stranger Things Cast Reacts To Insane Fan Theories | Netflix India,2943202,91182,1719,0,1,happy,0.07227852182539685
Fnsb3VuBms8,THE GRAY MAN | Official Telugu Trailer | Netflix India,198483,6322,106,0,0,Unknown,0.10741807475678446
pfLY_2f44pc,THE GRAY MAN | Official Tamil Trailer | Netflix India,786180,39454,716,0,0,Unknown,0.09960048209366391
POLixFkmK9A,THE GRAY MAN | Official Hindi Trailer | Netflix India,2704774,78690,1447,0,0,fear,0.11725393787499047
c1ICmUAe92E,THE GRAY MAN | Official Trailer | Netflix India,2483199,95592,3673,0,0,Unknown,0.09362269345238093
pkuE0gs60yk,"Shahid Kapoor & Mrunal Thakur Play Guess The Cricketer, And Other Games | Jersey | Netflix India",170033,4605,85,0,1,happy,0.14423859126984126
uHfOz-Fpg6k,"Is Darlings coming to Netflix? Alia Bhatt, Shefali Shah, Vijay Varma, Roshan Mathew | Netflix India",310016,6392,237,0,0,fear,0.09189867424242423
MI8VQmS7RRo,Pankaj Kapur & Shahid Kapoor’s Father-Son Bond | Jersey | Behind The Scenes | Netflix India,111918,2429,81,0,1,happy,0.2505434782608695
_XNqlYs0rO0,Ram Charan Saves Jr NTR At The Party | RRR (Hindi) Movie Scene | Netflix India,6901800,36218,718,0,1,neutral,0.10198376623376625
2v-_mzlRJfM,"Gangubai Kathiawadi, Jersey, RRR, Thar aur Beast! | There’s a #NetflixForAll | Netflix India",100677097,6069,171,0,1,sad,0.060946557971014496
1pEN3Q_2-6E,Spiderhead | Chris Hemsworth | Official Hindi Trailer | Netflix India,1978821,56473,678,0,1,neutral,0.04049722222222222
kIJdBtI9vjY,Spiderhead | Chris Hemsworth | Official Trailer | Netflix India,3363171,79740,1233,0,1,neutral,0.06146638032106781
ho0wk1SxaKs,The Strangest Interview Ever Ft. Varun Dhawan | Stranger Things | Netflix India,6001287,51986,977,0,1,fear,0.162603835978836
mI_LjbbYf08,Stranger Things Tamil Recap | Stranger Things-um 120 Rubaiyum | Netflix India,1305174,67622,1196,0,1,happy,0.008111111111111114
mI_LjbbYf08,Stranger Things Tamil Recap | Stranger Things-um 120 Rubaiyum | Netflix India,1305174,67622,1196,0,1,happy,0.008111111111111114
Bs4CskXw0Lw,Anil Kapoor Reacts to Anil Kapoor Memes | Thar | Netflix India,606517,25051,232,0,1,happy,0.2084537157287157
16Ffc-H3HM0,"Desert Delicacies ft. Anil Kapoor, Harshvarrdhan Kapoor and Fatima Sana Shaikh | Menu Please | Thar",195131,3332,133,0,1,sad,0.1942504365079365
JrPZQ8QV8n4,Prabhas Predicts Pooja Hegde’s Future | Radhe Shyam (Hindi) | Netflix India,3579865,31460,678,0,0,Unknown,0.10492777777777779
fCTWkSt8Kec,Prabhas & Pooja Hegde Talk For The First Time | Radhe Shyam (Hindi) | Netflix India,5693131,40115,908,0,1,angry,0.048161111111111106
CNn7cG-rJdM,Gangubai Wins The Election! | Alia Bhatt | Gangubai Kathiawadi | Netflix India,6198232,61831,851,0,1,happy,0.12641309523809524
KoLOdkpEiAw,Alia Bhatt's Speech In Azad Maidan | Gangubai Kathiawadi | Netflix India,8002758,100231,1046,0,1,neutral,0.17645303030303033
I7_TVa9rMhg,Stranger Things Season 3 Recap: Back To Hawkins! | Netflix India,236223,5855,117,0,1,sad,0.0636933668183668
ysKOLNgHRxY,If Gangubai Was In Your Office ft. @ShortsBreak_Official | Gangubai Kathiawadi | Netflix India,2533295,73752,555,0,1,happy,0.23612023809523816
8SdUGQkJYEs,"Thar | Official Trailer | Anil Kapoor, Harshvarrdhan Kapoor, Fatima Sana Shaikh | Netflix India",21590882,123422,2264,0,0,angry,0.18508510101010103
EV3liGzfdJ4,"Kids Quiz Abhishek Bachchan, Yami Gautam & Nimrat Kaur🤭 | Dasvi | Netflix India",1600293,25306,0,0,1,neutral,0.0
053t3PR0VEk,Gully Cricketers vs. Professional Cricketers: Who Will Win? | @RachitRojha | 83 | Netflix India,4020237,39960,803,0,1,neutral,0.145030303030303
Eh4dss4SDFI,"Busting The Most Popular LGBTQ+ Myths | @SushantDivgikarRaniKohenur, Anjali Sivaraman | Cobalt Blue",148845,5906,218,0,1,happy,0.22351274350649356
I25lMkfXh1U,Suriya Impresses Priyanka Mohan | Etharkkum Thunindhavan | Coming Soon | Netflix India,490210,7675,186,0,1,happy,0.023560416666666667
sc1iWvVtYAM,Can @triggeredinsaan Pass 10th Board Exams? | Dasvi | Netflix India,5062334,246245,4404,0,1,happy,0.049607231353715725
h37wR-Kp_Ng,Dulquer Salmaan’s Dating Tips ft. RJ Vijay | Hey Sinamika | Netflix India,309536,4292,77,0,1,neutral,0.17189588287299554
Evslg1cBbm8,"Cobalt Blue | Official Trailer | Prateik Babbar, Anjali Sivaraman, Neelay Mehendale | Netflix India",1771806,17630,1018,0,0,Unknown,0.1834863257575757
f2371CjayMA,Ozark: Season 4 | Part 2 Official Hindi Trailer | Netflix India,158024,2548,141,0,1,angry,0.16095275095275094
Iwj9SwOOw38,The Cast of Bridgerton Reacts to Bollywood Romances | Charithra Chandran and Nicola Coughlan,1193948,36917,556,0,1,happy,0.18730860671446603
_JC2nb3QGBY,Daya & Tapu Sena Go On A Fun Ride | Taarak Mehta Kka Chhota Chashmah | Netflix India,6386038,18455,0,0,1,surprise,0.0
lT_ud0NY_MU,"Mai | Official Trailer | Sakshi Tanwar, Raima Sen, Wamiqa Gabbi | Netflix India",17774483,138831,3031,0,0,sad,0.18737102272727277
-FrqlHlUgz4,"Dasvi | Official Trailer | Abhishek Bachchan, Yami Gautam, Nimrat Kaur | Netflix India",10874346,261003,7741,0,1,sad,0.23730065476190476
yBK1gUPR_48,"The BEST First Date Food | Rahul Bose, Vihaan Samat & Suchitra Pillai | Menu Please | Netflix India",135097,3409,74,0,1,sad,0.11384154040404038
J1Z0nSqCK3I,"The Eternally Confused Show ft. Vihaan Samat, @uroojashfaq9701, @BonusFeaturesWithYD and More!",208734,6606,109,0,1,happy,0.1793945637695638
iBhbSbVzGdk,"@tanmaybhat, Jim Sarbh & Vihaan Samat react to Eternally Confused & Eager for Love | Netflix India",479770,18461,336,0,1,happy,0.1270239898989899
ZjWdkkcmrio,"Sword Dance | Kim Tae-hyung, Choi Min-ho, Park Seo-joon & More | Hwarang: The Poet Warrior Youth",513671,14302,307,0,1,happy,0.15031544612794615
eknnOXJnVXM,"PRANKED on a date! | Aisha, @sakshi_shivdasani, @tarini_shah | Eternally Confused and Eager for Love",234150,7961,111,0,1,happy,0.1277456046075838
pBOIHeA-sfM,"We Have an Announcement! | Kareena Kapoor Khan, Jaideep Ahlawat, Vijay Varma | Netflix India",777009,10324,513,0,1,neutral,0.21010477855477852
Qg9a030KTGI,How To Be A Perfect Wife? | Bhumi Pednekar & Sheeba Chaddha | Badhaai Do | Netflix India,522952,6785,127,0,1,sad,0.28231938307969245
djC1_5uSlDA,"Can They Survive The Fame Game? | @Mythpat, @aishmrj, @RJAbhinavv, @DhanashreeVerma",1174152,40816,455,0,1,fear,0.11515236291486294
MCy9FQZnkLc,"The Bubble | Official Trailer | Vir Das, Pedro Pascal & more! | A Judd Apatow Comedy | Netflix India",261939,5662,292,0,1,neutral,0.0401693272005772
0CJIYcRHhx0,Trust No One: The Hunt for the Crypto King | Official Trailer | Netflix India,118844,2978,99,0,0,Unknown,0.12154368358913811
1vG53O6cdYI,@irfansview1 & Kishen Das Try Food From Chennai’s Popular Messes | Menu Please | Netflix India,679093,18199,362,0,1,happy,0.11423016811454312
p9ZABBSa3vE,Akshay Kumar’s Action Packed Chase Scene | Sooryavanshi | Netflix India,1939846,18245,696,0,1,neutral,0.10585089285714284
Dpo_522-N_I,The Game Changer ft. Madhuri Dixit And Karan Johar | The Fame Game | Netflix India,305018,4293,272,0,1,happy,0.21630964015151505
pEMdMQe8DNc,Kathal | Official Announcement | Sanya Malhotra | Netflix India,697717,10034,230,0,1,neutral,0.1450137445887446
oEgFgA022jM,Allu Arjun Just Can’t Lie | Ala Vaikhuntapurramuloo | Netflix India,1044147,8963,96,0,1,happy,0.12804957599478145
bGf_MAzDQKg,When You Are A K-Drama Fan | @radhikabangiaofficialchannel | Netflix India,777019,35097,1259,0,1,angry,0.17006952535890035
JwKDASotCxk,"The Adam Project | Official Trailer | Ryan Reynolds, Mark Ruffalo & More! | Netflix India",234660,10079,279,0,1,sad,0.13860236742424242
eToHipi_utc,Dupatta Mera: Official Music Video | Madhuri Dixit | The Fame Game | Netflix India,11199007,118522,3376,0,0,Unknown,0.11406428571428572
GVUxdV5qs1U,Jethalal & Bapuji Shocked By Daya's Garba | Taarak Mehta Kka Chhota Chashmah | Netflix India,12839971,134890,0,0,1,Unknown,0.0
iqnD2I7KWgs,Breaking Bad Tamil Recap ft. RJ Balaji | Breaking Bad-um 120 Rubaiyum | Netflix India,1127256,52373,1279,0,1,happy,-0.012208333333333321
Zd65VbG8GnI,When Your Parents Find You A Date | Eternally Confused and Eager for Love | Netflix India,1132682,14012,315,0,0,Unknown,0.10746504629629633
t3nNxjex2CI,"@BLACKPINK Sings ""Lean On"" 🎶 | BLACKPINK: Light Up The Sky | Netflix India",3082968,110207,1098,0,0,Unknown,0.10259298115079364
hDulf7189zs,Hrithik Roshan vs. Aishwarya Rai Bachchan | Jodhaa Akbar | Netflix India,2461438,16919,395,0,1,sad,0.12636301729024943
gdbNjetarbk,Tiger Shroff’s Amazing Martial Arts Training | Baaghi | Netflix India,297056,4966,130,0,1,angry,0.14377584175084174
Cz0JljAqEms,"Night Shift ft. Arun Pradeep, Raffi DQ | Malayalam Sketch | Money Heist | Netflix India",2563267,86901,1305,0,1,neutral,0.04424821428571429
Ilxpl3eYO0k,"Meet the Anands | The Fame Game | Madhuri Dixit Nene, Sanjay Kapoor, Manav Kaul | Netflix India",351071,4914,105,0,1,happy,0.15334635832004254
ZHGLjlSzOCU,Eternally Confused and Eager for Love | Official Trailer | Netflix India,10978466,12885,513,0,1,angry,0.14749887126762126
GQpMA_vJJJo,All of Us Are Dead 😱 ft. @SherryShroff | @tanmaybhat Reacts | Netflix India,554669,29073,953,0,1,happy,0.11956403190063902
KBOuXYrNVYc,Matched@Netflix | Ep. 2: Will She Find Her Valentine? | Netflix India,154726,5426,449,0,1,happy,0.11351860119047616
2Zb9MvbVYO8,Humare Zamane Ka Valentine’s ft. Neena Gupta & Gajraj Rao | Netflix India,297990,7726,148,0,0,Unknown,0.28286837121212116
xI1YfAfEdSo,Madhuri Dixit Nene Reacts To Your Comments | The Fame Game | Netflix India,109890,4352,162,0,1,happy,0.30918025793650794
-QcgufU_3fA,"The Adam Project | Official Teaser | Ryan Reynolds, Mark Ruffalo & More | Netflix India",706337,34877,935,0,0,Unknown,0.15324583333333333
2EnMuY1g664,"The Fame Game | Official Trailer | Madhuri Dixit Nene, Sanjay Kapoor, Manav Kaul | Netflix India",22044899,79397,2315,0,1,happy,0.14677504208754205
eiiCdxfyRUA,Matched@Netflix | Ep 1: Ek Vishesh Love Story |  @VisheshMilind | Netflix India,560491,30046,1679,0,1,happy,0.11480357142857141
jH3BM2fHhtM,Vikings: Valhalla | Official Trailer | Netflix India,249717,9672,611,0,1,angry,0.09165815746753246
L9J8Jd9VagY,All of Us Are Dead | Meet the Cast | Netflix India,645252,26489,975,0,1,neutral,0.16758481309305176
cX9_dOJvt1w,"Taapsee Pannu PRANKS Shayan Roy, Taaruk Raina, @TheTaneeshow and @JakeSitlani | Looop Lapeta",137635,5442,102,0,1,sad,0.13344189016602812
t7cLWHX-ZxU,Netflix 2022 Movie Preview | Official Trailer | New Movies Every Week | #NetflixForAll,261554,7638,318,0,1,sad,0.05668965773809524
5LkK9e7Zbqo,All Of Us Are Dead | Behind The Scenes | Netflix India,4907509,59161,1437,0,0,Unknown,0.12515467171717176
gp1-SO8TRBU,Shriya Saran Revisits Sivaji ft. Kishen Das | Netflix India,1104845,25856,340,0,1,happy,0.17314305104617617
Mf43MkmBZrI,Taapsee Pannu and Tahir Raj Bhasin Take The Smoothie Challenge | Looop Lapeta | Netflix India,196991,4234,68,0,1,happy,0.1960626102292769
4E1AuVKIsg4,Nani Takes Sai Pallavi On A Boat Ride | Shyam Singha Roy | Netflix India,276355,6188,220,0,0,neutral,0.2657489583333334
07DUyY1inxM,Kapil Gets a New Job | Kapil Sharma: I’m Not Done Yet is Now Streaming | Netflix India,1400174,51037,332,0,1,angry,0.25232678571428574
Ba7Ken9fO0w,"Yeh Kaali Kaali Ankhein | Behind the Scenes | Tahir Raj Bhasin, Shweta Tripathi Sharma, Anchal Singh",212287,5182,185,0,1,neutral,0.19379880952380954
PqPg8Kx18mY,"Looop Lapeta Title Track | Music Video | Taapsee Pannu, Tahir Raj Bhasin | Netflix India",173235,3608,129,0,1,neutral,0.10262003968253967
2OvbNYON_nQ,Mighty Little Bheem’s Trip To The Moon | Netflix India,2686528,11130,0,0,0,happy,0.0
DqKFx0F7kls,Why You Shouldn't Mess With Yogi Babu | Doctor | Netflix India,8695396,79671,583,0,1,happy,0.07633333333333334
0cdapmsgRhI,Tahir Raj Bhasin Meets Anchal Singh | Yeh Kaali Kaali Ankhein | Netflix India,443412,6559,193,0,1,neutral,0.161539101330768
TK7AzkVgrqk,Bhaari Drop | #NetflixForAll | Netflix India,5057124,4691,103,0,1,Unknown,0.1808970881656067
AJZZi-vibHI,Money Heist: Korea - Joint Economic Area | Title Announcement | Netflix India,876876,36198,1554,0,0,Unknown,0.11586950757575759
jBLCQPhv8p0,"Presenting the Yeh Kaali Kaali Ankhein Kajal | Shweta Tripathi Sharma, Anchal Singh | Netflix India",181147,4575,152,0,1,neutral,0.26197838966588965
AwIoGj6GvEM,All of Us Are Dead | Official Trailer | Netflix India,978009,27086,1082,0,1,surprise,0.08022916666666667
GScqYHotv1A,"Teri Baari Music Video | Tahir Raj Bhasin, Shweta Tripathi Sharma | Yeh Kaali Kaali Ankhein",274327,4553,206,0,1,neutral,0.21689505095598843
P2hw2tB3kzs,Shibu: The Supervillain | Tamil | Minnal Murali | Guru Somasundaram | Netflix India,137377,7022,207,0,1,fear,0.18378603749191982
QNbFkqCaOwA,Kishen Das Learns To Cook Pongal ft. @ChefDamusMulticuisine | Menu Please | Netflix India,275850,7786,151,0,1,happy,0.2508879419191919
-fbdid8MXZk,"Humra Sajaniya Music Video | Tahir Raj Bhasin, Anchal Singh | Yeh Kaali Kaali Ankhein",1388514,16464,690,0,1,neutral,0.1635527777777778
bRN5m0sBJy8,"Looop Lapeta | Official Trailer | Taapsee Pannu, Tahir Raj Bhasin | Netflix India",12853899,108737,3909,0,1,sad,0.1570058576839827
tYr_r4Pzspg,Anchal Singh as Purva | Teaser | Yeh Kaali Kaali Ankhein | Netflix India,2338026,3642,95,0,1,neutral,0.1692767180735931
DIuqg2arRoc,"Ep 4: How To FOMO | How To Fall In Love | Ayush Mehra, Tanya Maniktala | Netflix India",181581,4141,47,0,0,Unknown,0.09021428571428572
3xAE97ZDBEo,Tahir Raj Bhasin as Vikrant Singh Chauhan | Teaser | Yeh Kaali Kaali Ankhein | Netflix India,2060478,2303,67,0,1,neutral,0.16030052681992338
Kd3SBl2UtGw,Shweta Tripathi Sharma as Shikha | Teaser | Yeh Kaali Kaali Ankhein | Netflix India,2200837,3559,161,0,1,fear,0.23366919714745799
i0jgz7S-6Iw,Kapil Sharma: I'm Not Done Yet | Stand up Special | Official Trailer | Netflix India,2784258,116072,1361,0,1,happy,0.21224082972582972
3WIvyJ5yl9E,Toh Baat Pakki? | #NetflixForAll | Netflix India,4024581,1969,66,0,1,neutral,0.15760067783094098
BjprUjcOoUY,"Manu Meets Manvi | Ayushmann Khurrana, Vaani Kapoor | Chandigarh Kare Aashiqui | Netflix India",715892,9034,212,0,1,happy,0.18164290674603173
WriyhHlM0Z0,Chakda ‘Xpress | Official Announcement | Anushka Sharma | Netflix India,5310619,135400,4423,0,0,Unknown,0.06430454545454545
nweqkaQBm7Q,Kapil Sharma Is Finally Coming To Netflix! | Kapil Sharma: I'm Not Done Yet | Netflix India,1194581,53819,732,0,1,neutral,0.14682375541125536
rJVptjMonvQ,"Bheega Bheega Song Promo | Yeh Kaali Kaali Ankhein | Tahir Raj Bhasin, Shweta Tripathi, Anchal Singh",401853,8466,183,0,0,Unknown,0.15104494047619046
RiJdBAOtL5Y,Leonardo DiCaprio & Jennifer Lawrence's Interview Goes Wrong! | Don’t Look Up | Netflix India,256356,2674,325,0,1,sad,0.07858439891931743
R7P7HrV-Zbw,"The Biggest Pizza Pt. 2 ft. Tovino Thomas, Basil Joseph & Abish Mathew | Menu Please | Minnal Murali",631725,22909,397,0,1,happy,0.18220360863095236
cnsyOV5KKrk,"The Biggest Pizza Pt. 1 ft. Tovino Thomas, Basil Joseph & Abish Mathew | Menu Please | Minnal Murali",859786,34165,1145,0,1,happy,0.11072032377344877
AlPPP1iKf8o,Deepika Padukone & Ranbir Kapoor's New Year Celebration | Yeh Jawaani Hai Deewani | Netflix India,279792,8120,137,0,0,Unknown,0.2588091991341991
LOZU263ByZQ,"Now Revising : 2021 Ft. @aishmrj | Money Heist, Kota Factory & More! | Netflix India",154686,6901,108,0,1,neutral,0.11085094327441267
9eUox06RGPA,"Directors' Roundtable 2021 | @rajmas, Basil Joseph, Neeraj Ghaywan and More! | Netflix India",363253,5933,613,0,1,neutral,0.10750031791125542
y7YKSW42bqY,Leonardo DiCaprio & Jennifer Lawrence Break Down Don't Look Up | Shot By Shot | Netflix India,70814,1443,74,0,1,happy,0.22712697335831666
7uyEfa6B18s,"What Does Netflix Want From Us? | @Mythpat, @SlayyPointOfficial, @MostlySane & More! | Netflix India",1541951,66119,1060,0,1,happy,0.14351637972216583
MXKORKpAOHo,"The Actors' Roundtable Teaser | @rajmas, Tovino Thomas, Taapsee Pannu, Sanya Malhotra & more!",168199,3504,376,0,1,happy,0.06657777777777778
8fL0Mk3pxbA,Toh Baat Pakki? | #NetflixForAll | Netflix India,23827814,16349,555,0,1,neutral,0.07805555555555557
50_C-3OKuLk,Dulquer Salmaan Is In Trouble | Kurup | Netflix India,1054456,16151,386,0,1,neutral,0.1194946428571429
hXezYKuhx-8,Tovino Thomas Surprises Fans | Minnal Murali: Now Streaming! | Netflix India,1024618,63196,2363,0,1,happy,0.10773636363636367
KbZuBENAR8Y,Yuvraj Singh Puts Minnal Murali To The Test | Making of A Superhero | Tovino Thomas | Netflix India,6976146,232076,5088,0,1,sad,0.12953030303030302
aHzRdPED2NQ,R. Madhavan & Surveen Chawla Break The Big News | Decoupled | Netflix India,605097,9792,203,0,1,neutral,0.1763222001262626
qSiO0_LFdlo,"Netflix India Playback 2021 ft. @Shehnaazgillofficial, @tanmaybhat, Nawazuddin Siddiqui, Sonu Sood & More!",951989,49793,4350,0,1,sad,0.16958641975308644
lG69F7oUD3g,"Yeh Kaali Kaali Ankhein | Teaser | Tahir Raj Bhasin, Shweta Tripathi, Anchal Singh | Netflix India",1511227,31959,502,0,1,happy,0.17787489515692637
7wrxP2PPzLA,R Madhavan vs. Chetan Bhagat: War Of The Writers | Decoupled | Netflix India,484272,8178,204,0,1,sad,0.1313231149102634
INK38yEsM2Y,Minnal Murali: Making of a Superhero ft. The Great Khali | Tovino Thomas | Netflix India,9876817,295551,5250,0,1,happy,0.0696898148148148
BRKnep-ip_s,R Madhavan & Surveen Chawla Judge People At A Dinner Date | Decoupled | Netflix India,196568,2438,49,0,1,happy,0.2076255910165484
agqcsj2f_ow,Minnal Murali: Making of A Superhero | Tovino Thomas | Netflix India,2701819,133626,2013,0,0,Unknown,0.1484583333333333
GjHd0R5t_-A,"The Witcher Season 1 Recap In 60 Seconds | Henry Cavill, Anya Chalotra | The Witcher | Netflix India",187287,3994,113,0,1,neutral,0.10217574555074557
D77XJ0R7pj4,Dulquer Salmaan and Sobhita Dhulipala Take The Smoothie Challenge | Kurup | Netflix India,2181867,28296,563,0,1,happy,0.08275794252044255
iJYFeqnYLVw,Alia Bhatt’s Big Announcement | Happy New Prices! | Netflix India,6521715,80733,1150,0,0,Unknown,0.13631780303030305
ORKOb4sdEks,Trying Vegan Food With Raveena Tandon | Menu Please | Aranyak | Netflix India,199746,4833,148,0,1,happy,0.15993010694202703
-9PxZ1wQk9I,Squid Game Scene Breakdown ft. Ali Abdul | Anupam Tripathi | Netflix India,508112,27185,396,0,1,sad,0.024366666666666658
vw0IwHmr-pg,Money Heist Street Art in India | Mural Tribute | Netflix India,433173,27654,533,0,0,Unknown,0.08458333333333332
gAb_Wnf1zH0,"Squid Game or Game Over? | Part 2 | @Mythpat, @SlayyPointOfficial, @RJAbhinavv, @AakashGupta and More!",5167040,158900,3614,0,1,neutral,0.06691858974358975
naqz6CI4C1Q,"We Want A Wedding! | SAHELIS | Srishti Dixit, @kushakapila5643, @dollysinghofficial | Friends | Netflix India",380171,21369,531,0,1,sad,0.19313070436507934
Ga4TzjAeJIc,"The Ultimate Money Heist Fans | Baba Sehgal, Munawar Faruqui, VMinor & Verve Logic | Netflix India",518262,32750,1748,0,1,neutral,0.022145124716553288
dM-lmcCt_PQ,Akshay Kumar Reacts To Akshay Kumar Memes | Sooryavanshi | Netflix India,6135612,368976,2443,0,1,happy,0.14285892857142857
-LTIqHP12mo,"Ultimate Indian Squid Game Pt. 1 | @Mythpat, @SlayyPointOfficial, @RJAbhinavv, @AakashGupta, and  More!",9688262,261724,6776,0,1,neutral,0.05891904761904763
cxEMqx0jUEU,Thank You India! ft. Money Heist Cast | Netflix India,7075217,349281,7352,0,1,angry,0.2049612554112554
XFeqoKQV534,The End of Money Heist Part 5 Vol. 1 | Netflix India,1056932,43621,1388,0,0,happy,0.13534166666666667
8SXSI-clUYI,Money Heist Tamil Recap ft. RJ Balaji | Money Heist-um 120 Rubaiyum | Netflix India,1711376,104083,2148,0,1,sad,0.02916666666666667
RMTpFsYzpXM,Denver and Moscow Open The Bank's Vault | Money Heist | Netflix India,215725,8740,184,0,1,happy,0.12201666666666666
e0dea7qrLdk,"No Longer A Heist, This is War! | Money Heist | Netflix India",2500927,70423,1430,0,1,happy,0.12488724747474747
C7LWjfwjV6k,The Resistance Is Coming | Money Heist | Netflix India,1552992,65014,1117,0,0,Unknown,0.03521037296037295
MCDK6LF5jTw,Ayushmann Khurrana: Sabse Bada Fan Bole Ciao | #IndiaBoleCiao | Money Heist | Netflix India,14975040,79393,833,0,1,surprise,0.14396761363636365
XToW5-3tEr8,Rajinikanth Meets Prakash Raj At The Police Station | Annaatthe | Netflix India,4332760,44600,1026,0,1,angry,0.06147499999999998
wGlXX5rbPIU,DON’T LOOK UP | Official Hindi Trailer | Netflix India,710355,16848,412,0,1,sad,0.09790416666666665
oanwTx3kpzo,"The Money Heist Fan Anthem: Part 2 | Radhika Apte, Vikrant Massey, Anil Kapoor & More!",5036824,76439,1290,0,1,sad,0.09404220779220779
KcWcu1ytazY,"Aranyak | Official Trailer | Raveena Tandon, Parambrata Chatterjee, Ashutosh Rana | Netflix India",18702244,68859,1786,0,1,neutral,0.2605256410256411
MYJVPAxGh2Y,Emily in Paris Season 2 | Official Trailer | Netflix India,483770,11170,211,0,1,happy,0.11609829432720056
CzRlI0Ktl10,Teaser Vol. 2 | Money Heist | Netflix India,3023788,101153,1569,0,0,Unknown,0.0936224993756244
XOf46XeU7jo,DON’T LOOK UP | Official Trailer | Netflix India,1298347,40258,1240,0,0,happy,0.09104590548340549
WEJRErOEq4s,"Love Through Mani Ratnam's Eyes | Bombay, O Kadhal Kanmani, Dil Se, & More | Netflix India",529043,12320,253,0,1,happy,0.17649483225108223
fOgL3f3l5a4,Sex Education Season 3 | The Most Hilarious Bloopers | Netflix India,2086809,39141,275,0,0,Unknown,0.18142734126984128
C5I_Gnq28gs,"Welcome To The Wedding Jungle | Prashasti Singh, Veer Rajwant Singh, Delnaaz Irani & More!",147307,3616,93,0,1,happy,0.1357198561242679
7xcIdpdINLU,"Ratti Ratti Music Video | Sanya Malhotra, Abhimanyu Dassani | Meenakshi Sundareshwar | Netflix India",1324673,18204,309,0,1,neutral,0.2526692511192512
kpaw7bcNVp0,"Welcome, Single People! | @SamayRainaOfficial  & @SuhaniShah | Singles’ Club | Netflix India",435910,26976,696,0,0,Unknown,0.06682291666666669
QWd0F7UJ2F0,"Decoupled | Official Trailer | R Madhavan, Surveen Chawla | A Netflix Series",3985570,76413,1629,0,0,Unknown,0.1779718394403216
ILc1UQ1EV0M,"Bach Ke Rehna: RED NOTICE | Music Video | Badshah, DIVINE, JONITA, Mikey McCleary | Netflix India",46724270,467914,8313,0,0,angry,0.05081423611111112
0CK_0LoDSVg,Cricket vs. Dance Battle ft. Yuzvendra Chahal & @DhanashreeVerma | Meenakshi Sundareshwar,553994,18720,350,0,1,happy,0.13889583333333333
nZa0U-ARSgQ,Diwali Special Kaju Katli Recipe | @KabitasKitchen | Menu Please | Netflix India,159937,4552,123,0,1,happy,0.18313813356782108
7MQsKzyCbB4,"Doctor | Now Streaming | Sivakarthikeyan, Yogi Babu and Redin Kingsley | Netflix India",256459,12361,560,0,1,happy,0.0519404761904762
BC77pzewjvM,Bheem's Diwali Decorations | Mighty Little Bheem: Diwali | Netflix India,4665542,17173,0,0,0,Unknown,0.0
jcIeGrUUzn4,Minnal Murali | Official Kannada Trailer | Tovino Thomas | Basil Joseph | Sophia Paul |Netflix India,301612,16647,672,0,0,Unknown,0.1952132023358585
OJHlagfrL0c,Minnal Murali | Official Tamil Trailer | Tovino Thomas | Basil Joseph | Sophia Paul | Netflix India,1384138,69558,2090,0,0,Unknown,0.13132333333333335
Vctn-pq6MEs,Minnal Murali | Official Hindi Trailer | Tovino Thomas | Basil Joseph | Sophia Paul | Netflix India,4957239,169862,5706,0,0,Unknown,0.21716587301587303
yJQqmcHmiDM,"Mann Kesar Kesar | Music Video | Meenakshi Sundareshwar | Sanya Malhotra, Abhimanyu Dassani",10897911,131335,2541,0,1,neutral,0.19606143578643578
zAUAliz1TKA,Minnal Murali | Official Trailer | Tovino Thomas | Basil Joseph | Sophia Paul | Netflix India,16380223,697478,31122,0,0,Unknown,0.16834696969696972
bfHqMD9c3UY,"Dhruv & Kavya's Goodbye | Mithila Palkar, Dhruv Sehgal | Little Things | @DiceMediaIndia | Netflix India",195634,10257,344,0,0,Unknown,0.09880430382696005
g-AdZa_rD7w,Money Heist: Part 5 Volume 2 | Sneak Peek | Netflix India,2456323,84169,1300,0,1,neutral,0.0905171511028654
sGsabVSiPXY,"RED NOTICE | Official Hindi Trailer | Dwayne Johnson, Ryan Reynolds, Gal Gadot | Netflix India",4441778,135947,2064,0,1,sad,0.08591515151515151
ZzpLS6h2Jq0,"RED NOTICE | Official Trailer | Dwayne Johnson, Ryan Reynolds, Gal Gadot | Netflix India",3641942,112672,2133,0,1,sad,0.10362417027417022
YzcjhEDel1c,"Meenakshi Sundareshwar | Official Trailer | Sanya Malhotra, Abhimanyu Dassani | Netflix India",8458391,85662,1626,0,0,Unknown,0.21849230820105817
TmC6XalDJdU,The BEST Pujo Food in Kolkata ft. @TheBongGuyOfficial | Menu Please | Netflix India,989074,77360,2193,0,1,happy,0.17119827152014655
oaSOowkub9k,Little Things: The Final Recap | Mithila Palkar | Dhruv Sehgal | @DiceMediaIndia | Netflix India,630623,18662,238,0,0,Unknown,0.18510646367521374
f7AHllmuLyg,"Meenakshi Sundareshwar | Official Teaser | Sanya Malhotra, Abhimanyu Dassani | Netflix India",6548768,66173,2419,0,1,happy,0.11135911582341271
LGVRerqSwI4,"90’s Kids Revisit Jeans | Satshya, Kishen, Nirmal, Nagma, Arjun & Guru | Netflix India",848590,16703,545,0,1,neutral,0.09862836219336218
XRXwjgfZPW4,Mithila Palkar vs Dhruv Sehgal: The Nerf Gun Battle | Little Things 4 | @DiceMediaIndia | Netflix India,257743,7091,135,0,1,happy,0.14635426587301587
HJGtb9QYVRU,"Call My Agent Bollywood | Official Trailer | Aahana Kumra, Ayush Mehra, Rajat Kapoor, Soni Razdan",1810421,31031,825,0,0,Unknown,0.12004057539682539
4HWh5zNKaOI,6 Days Of Period | Yashaswini Dayama | Netflix India,413045,18629,324,0,1,happy,0.11751145833333335
UrvQCDDqQmc,"tick, tick...BOOM! | Official Trailer | Andrew Garfield | Netflix India",128703,4094,168,0,0,Unknown,0.0621075
XjF8oo0Zzzo,"Kaanthaa | Song | Mithila Palkar, Dhruv Sehgal | Little Things 4 | @DiceMediaIndia | Netflix India",1971486,42676,1140,0,1,happy,0.1024270833333333
3F4x4tswK-c,The Diary Entries | House of Secrets: The Burari Deaths | Netflix India,1805228,34800,1066,0,0,Unknown,0.012157180435305446
oYHJJlTsMTI,"Not Easy For Anyone | Kota Factory 2 | Ahsaas, Revathi, Urvi  | TVF | Netflix India",377699,14337,333,0,1,sad,0.07517443310657596
sry7BoNHIPs,Squid Game | Behind the Scenes | Netflix India,923062,27033,677,0,0,Unknown,0.05310555555555557
xN5J-Ld3G1s,House of Secrets: The Burari Deaths | Official Trailer | Netflix India,8416297,178591,7919,0,0,fear,-0.024122307900432904
hEqk10Kbgh4,Squid Game | Official Hindi Trailer | Netflix India,7268311,166022,4733,0,1,sad,0.07517261904761903
pEk7-0R_ygw,Mayur More vs. Ranjan Raj: Impressing Ahsaas Channa | Charm Battle | Kota Factory Season 2 | TVF,3099215,120477,1359,0,1,happy,0.0698343253968254
YFUECGINK-c,"Little Things Season 4 Official Trailer | Mithila Palkar, Dhruv Sehgal | @DiceMediaIndia | Netflix India",2104638,68661,1510,0,0,Unknown,0.12029151324865614
EKIxqFDCUQ4,"Kota Factory vs Mismatched | Jitendra Kumar, Prajakta Koli, Rohit Saraf & More! | Netflix India",393419,16952,884,0,0,sad,0.19020533174236787
8_SDE0knJuA,Road to Season 2 Trailer | The Witcher | Netflix India,556026,19248,482,0,1,neutral,0.13489626736111113
51KpljH1Mv0,Army of Thieves | Official Trailer | Zack Snyder | Netflix India,1218794,37752,878,0,0,Unknown,0.06859440235690235
h9jrj1aXcTw,"RED NOTICE | Exclusive Clip | Dwayne Johnson, Ryan Reynolds, Gal Gadot | Netflix India",605294,19462,546,0,1,fear,0.062426623376623365
BIzkqNo8zOc,TUDUM: India Spotlight | Netflix India,7019182,41124,1346,0,0,Unknown,0.030125000000000002
_XxvfHwI5y0,Every Coaching Class Ever ft. @SatishRay1  | Kota Factory Season 2 | TVF | Netflix India,4748524,174352,2652,0,1,angry,0.1221205808080808
bUE3yZiMAxU,Balmukund Meena | Teaser | Kota Factory Season 2 | TVF | Netflix India,2022121,77508,2135,0,1,happy,0.12403003472222224
CVDaY7AsQMA,Vaibhav Pandey | Teaser | Kota Factory Season 2 | TVF | Netflix India,1874225,94373,1954,0,1,neutral,0.09073320932539683
I022OHEzxvE,Sex Education | Season 3 | Trailer 2 | Netflix India,598474,19388,817,0,0,Unknown,0.05873906787656788
MIbIWRQhm1A,Sex Education Season 2 Recap ft. Otis and Eric | Netflix India,108572,4912,138,0,1,sad,0.18380820040466778
Kwwe9DN4x10,"Episode 4: Meant For Each Other? | Aryan & Meera Finale | Taaruk, Zayn, Ayush Mehra & Aisha Ahmed",2300947,47419,748,0,0,Unknown,0.2161186011904763
ErB-Fm77gso,Crime Stories: India Detectives | Official Trailer | Netflix India,1089190,18758,825,0,0,Unknown,0.21895306954619445
R4DwBHzh_3c,Raashii Khanna takes the Tamil Slang Challenge | Tughlaq Durbar | Netflix India,203442,5708,140,0,1,happy,0.11280037878787878
4WyT9LgmG20,Sex Education: The Best Advice | Netflix India,126040,4056,188,0,1,happy,0.08310732323232324
aG8KWYko8VY,Kota Factory 2 | Official Trailer | TVF | Netflix India,24692097,398270,12659,0,1,neutral,0.023052716727716725
2cIa377UWy4,Hyderabadi Veg Meal with Satyadev ft. @Mahathalli | Menu Please | Thimmarusu | Netflix India,235796,3633,144,0,1,happy,0.15511212121212123
-LMYuE8kCiM,Episode 3 - The Big Fight | Aryan & Meera | Taaruk Raina & Zayn Marie | Netflix India,1574903,33039,435,0,1,surprise,0.05784096771284271
8GRelJ8ngss,The Guilty | Official Trailer | Jake Gyllenhaal | Netflix,553077,16537,720,0,1,sad,0.1505898682598039
zm_PXo1E8iI,Sex Education | Season 3 | Official Trailer | Netflix India,1319869,46748,1583,0,1,sad,0.14964761752136752
wxphQxJ-1X0,Aditi Balan Tries Awful Food Combos Ft. Kishen Das | Menu Please | Netflix India,488460,10110,268,0,1,happy,0.11507019751082254
FXMnjGNIv78,Jeetu Bhaiya's Motivational Speech | Kota Factory | Netflix India,2718324,119419,1251,0,1,neutral,0.10760171957671956
IwTe8gd6018,A Special Message from the Cast of Money Heist | Netflix India,469520,23084,1264,0,1,angry,0.027608630952380947
k9N2eTBlkBc,"RED NOTICE | Official Teaser | Dwayne Johnson, Ryan Reynolds, Gal Gadot | Netflix India",6882137,233110,4987,0,1,sad,0.04823993443494821
mfcZXXP0kZw,The Money Heist Party ft. Tiger Shroff | Pepsi x Netflix India,5030912,190072,4568,0,1,happy,0.08988645833333334
LWFghjhtzq8,Post-Finale Behind The Scenes | Comedy Premium League | Netflix India,371805,14503,391,0,1,sad,0.050698412698412715
LsUZ7DkwPMw,Episode 2 - Anniversary Date Gone Wrong | Aryan & Meera | Taaruk Raina & Zayn Marie | Netflix India,2035648,37974,424,0,1,happy,0.08476597222222221
W_G5Lkqeb3s,"Breakfast with the Comedians | Menu Please | CPL | Tanmay, Prashasti, Rahul S, Rytasha & Kumar Varun",1003113,30767,858,0,1,happy,0.10666731481481478
2EgeSFbgYpQ,Kota Factory 2 | Official Teaser | TVF | Netflix India,8027189,431682,14548,0,1,neutral,0.0716240582912458
Z8EU_bIQQgw,The Ultimate Smoothie Challenge ft. Aryan & Meera | Taaruk Raina & Zayn Marie | Netflix India,667677,12841,131,0,1,fear,0.08562033730158732
Z8EU_bIQQgw,The Ultimate Smoothie Challenge ft. Aryan & Meera | Taaruk Raina & Zayn Marie | Netflix India,667677,12841,131,0,1,fear,0.08562033730158732
ArASWvVJAIw,"War of Wits | Comedy Premium League | Finale Now Streaming | Tanmay, Urooj, Prashasti & Amit",457275,20902,476,0,0,happy,0.07483567294973544
Z3alCrFuwY8,Intrusion | Official Trailer | Freida Pinto | Netflix India,778546,9776,259,0,0,Unknown,0.06402534271284271
xsXE4DoTnA8,Episode 1 - Moving In Together! | Aryan & Meera | Taaruk Raina & Zayn Marie | Netflix India,5477920,89760,1009,0,0,Unknown,0.14538042703823953
Tv5LYJEXJ9Y,Indian Parents Vs. Modern Romance | Ok Boomer! | @MostlySane  & @ankushbahuguna  | Netflix India,463311,19150,188,0,1,sad,0.14235912698412698
taWRk6MESqc,"The Making Of Navarasa | Mani Ratnam, Jayendra | Netflix India",258030,8261,314,0,1,neutral,0.0906124098124098
Lv8D0Ora8-4,"Aryan & Meera: A Netflix India YouTube Show | Official Trailer | Taaruk Raina, Zayn Marie Khan",447585,11444,286,0,1,happy,0.1874112435741342
M9zv9ghrDVk,The Ultimate Battle of Comedians | Comedy Premium League | Netflix India,933477,49401,2509,0,1,angry,0.0991239816317941
pw1WuzTYM3Q,Ankahi Kahaniya | Official Trailer | Netflix India,1066737,17625,517,0,1,neutral,0.1528227813852814
1EAtI2FJ1Z4,"Rajpal Yadav Gets Ready | Chup Chup Ke | Kareena Kapoor Khan, Neha Dhupia | Netflix India",4732616,54876,788,0,1,sad,0.08769047619047621
wZWd3C6SBSA,"Audition Tapes | Comedy Premium League | Samay Raina, Tanmay Bhat, Sumukhi & More | Netflix India",1355082,59939,1019,0,1,angry,0.058044642857142836
qGrEjnMQS00,Shah Rukh Khan Brings Electricity To Charanpur | Swades | Netflix India,463867,5621,245,0,1,angry,0.20807215007215002
WnO3WaBtnSs,Every Indian Parent Ever | Ok Boomer! | @MostlySane & @ankushbahuguna  | Netflix India,714972,27717,292,0,1,happy,0.13083527326839828
LxC1V2Yy_IE,Tokyo’s Most Badass Moments | Money Heist | Netflix India,250824,10126,272,0,0,Unknown,0.10545173160173162
ziRF_uDTMt0,Lucifer | Final Season Trailer | Netflix India,689625,41404,1173,0,1,happy,0.06567896825396825
4rZFHT8q1Wo,"@tanmaybhat , @rohanjoshi8016  & @TheAshishShakya  react to Dil Chahta Hai | Netflix India",1405770,54881,1119,0,1,happy,0.08606285714285715
DXE8GmL1QO4,"The Cutest Proposals | Friends, Jab We Met & More! | Netflix India",162212,4445,96,0,1,sad,0.15336982631189947
Ey5SUzJTtDM,"Electrifying Entrances | Baahubali, Baahubali 2 | Netflix India",1193876,13614,625,0,1,angry,0.06731026785714286
fWlMP_mPhRQ,"The Hospital Scene | Anil Kapoor, Priyanka Chopra, Ranveer Singh, Shefali Shah | Dil Dhadakne Do",351935,3861,82,0,1,neutral,0.1935681818181818
cJ1PQHfTdq4,Rajinikanth Arrives in Style | Petta | Netflix India,508124,10728,353,0,1,sad,0.08262896825396826
Rt6pOXomN8E,"To, My Dearest Office BFF | Ft. @aishmrj, Ahsaas Channa | Netflix India",338880,15357,225,0,1,happy,0.12115990259740256
5mQ_L_pox-I,Pankaj Tripathi Cooks Special Khichdi ft. Srishti Dixit | Menu Please | Netflix India,903248,26664,1116,0,1,happy,0.19474920449920444
CKFoO7EgMw4,"Who Knows Me Better? | Ahsaas Channa, @aishaahmed4615 , @ankushbahuguna  | Never Have I Ever Season 2",1165657,28410,448,0,1,happy,0.18530654761904763
JUCuZIPnk30,Kriti Sanon Answers Questions About Pregnancy | Mimi | Netflix India,783420,24447,410,0,1,happy,0.19923214826839827
EDrIhSbR7eM,Kinni Soni ft. Ayushmann Khurrana & Jonita Gandhi | Full Song | Feels Like Ishq | Netflix India,590119,13999,341,0,0,Unknown,0.09772949735449736
38Aj1JhOnrM,"Comedy Premium League | Official Trailer | Tanmay Bhat, Prajakta Koli, Samay Raina & Many More!",631152,30845,2036,0,1,sad,0.15272483800921305
RGHVvO8Hg1E,Meet Pankaj Tripathi As Bhanu | Mimi | Kriti Sanon | Netflix India,139307,5076,184,0,1,fear,0.32398094486531986
b8-2tn15USI,@MostlySane's Dating Tips | Prajakta Koli | Never Have I Ever 2 | Netflix India,130335,7110,160,0,1,neutral,0.18117936282467528
zWkMsSUABP0,Army of Thieves | Official Teaser | Zack Snyder | Netflix India,951244,18343,560,0,1,neutral,0.04951237373737372
x1UGN6GcOxQ,Aamir Khan visits Ishaan’s Home | Taare Zameen Par | Netflix India,1214367,14901,440,0,1,sad,0.15840744047619043
-dp2v3wRzvE,@aishmrj  & Dad React To Never Have I Ever Season 2 | Netflix India,658967,26795,422,0,1,happy,0.17558093772546898
xHfGZ0uDHf8,"Behind The Navarasas | Making of the Teaser | Mani Ratnam, Jayendra, Bharatbala | Netflix India",1660618,63650,1154,0,1,neutral,0.13577499999999998
Xq5JH7dVN_8,Meet Mimi’s Family | Mimi | Kriti Sanon & Pankaj Tripathi | Netflix India,682907,12785,326,0,1,happy,0.18444603174603177
etAPHXnEB8I,"Ek Chutki Sindoor | Shahrukh Khan, Deepika Padukone | Om Shanti Om | Netflix India",383318,4063,131,0,1,happy,0.1625786816991714
qQQgDlw4vtM,Who Will Win Rohit Saraf's Heart? Radhika Madan vs. Saba Azad | Feels Like Ishq | Netflix India,1582455,37598,409,0,1,happy,0.14707559523809524
Z9xkCiEthkM,"Do They Know Indian Slang? | Maitreyi Ramakrishnan, Lee Rodriguez & Ramona Young | Netflix India",5004216,129112,2207,0,1,sad,0.0396851476070226
arZ0tOwpRhU,Instant Songwriting Challenge | Saba Azad & Sanjeeta Bhattacharya | Feels Like Ishq | Netflix India,243980,5775,240,0,1,angry,0.22488095238095235
JREOxhNQoWg,The Ultimate Never Have I Ever Debate | Aisha Ahmed & Yashaswini Dayama | Netflix India,545845,26376,1047,0,1,happy,0.07945659069548872
be9C1meIylU,Kriti Sanon: Before v/s After | Mimi | Netflix India,1627607,35354,701,0,1,neutral,0.3259020311285936
mfg-scusLS8,Vikrant Massey Meets Tapsee Pannu For The First Time | Haseen Dillruba | Netflix India,2998591,20268,507,0,1,happy,0.1324293650793651
_sc3HyeNxPs,"Mimi | Official Trailer | Kriti Sanon, Pankaj Tripathi | Netflix India",23172468,666573,23079,0,1,happy,0.21899944083694095
gu2qsK6yZCY,Never Have I Ever | A @MostlySane Recap | Netflix India,697473,27263,541,0,1,fear,0.056533874458874485
dAGaL2CqVJ8,The Yummiest Bengali Food! ft. Ali Fazal & Harshvarrdhan Kapoor | Menu Please | Netflix India,430185,15678,690,0,1,happy,0.027423508146945656
pBoAsDX07T8,The Kissing Booth 3 | Official Trailer | Netflix India,1062520,39646,1629,0,1,fear,0.05929987373737374
H93uyyFVAqU,Taapsee Pannu And Vikrant Massey Take The Lie Detector Test | Haseen Dillruba | Netflix India,997736,23595,1064,0,0,happy,0.05996785714285714
frucdmP5mzM,"Munna Bhai MBBS Carrom Scene | Sanjay Dutt, Arshad Warsi | Netflix India",888115,7181,164,0,1,fear,0.16569558431537598
qWnK246hkk0,"Charcha with Virender Sehwag, @TheHarshBeniwal, Archana P Singh, Anita Hassanandani | Haseen Dillruba",1039215,61107,2122,0,1,neutral,0.024226010101010047
EuXrFmMkPAU,Can They Solve This Murder Mystery?? | Haseen Dillruba | Netflix India,4120558,154044,5240,0,1,sad,0.03973636363636363
PAj2CQh-AsQ,"Best Of Babu Bhaiya | Phir Hera Pheri Funniest Scenes | Paresh Rawal, Akshay Kumar | Netflix India",678753,36108,540,0,0,Unknown,0.18938211805555558
JCrkGNx-5i4,Santhosh Narayanan and Dhee Try Tamil Full Meals Ft. Kishen Das | Menu Please | Netflix India,2428536,45268,1398,0,1,happy,0.13656058201058197
ZuN5znBM7Vk,Rajkummar Rao Fixes Pankaj Tripathi’s Neck | Funny Scene | Bareilly Ki Barfi | Netflix India,9139083,94380,1597,0,1,sad,0.11691805555555555
P41KJkIq7CU,"Spotlight | Ray Promo | Harshvarrdhan Kapoor, Akansha Ranjan Kapoor | Netflix India",429657,7568,554,0,1,sad,0.14607857142857142
igocr358Gr0,"Harshvardhan Rane as Neel | Teaser | Haseen Dillruba | Taapsee Pannu, Vikrant Massey | Netflix India",766191,10258,346,0,1,neutral,0.17859583333333334
JL6uigLdj3M,"Taapsee Pannu as Rani | Promo | Haseen Dillruba | Vikrant Massey, Harshvardhan Rane | Netflix India",367723,5390,254,0,1,happy,0.13551539201539198
L1u-ol6SK0o,The First Step to Pride ft. @SushantDivgikarRaniKohenur | Netflix India,459440,21941,1055,0,1,neutral,0.28100669336863526
lt_bDfnXKGM,"Haseen Dillruba | Official Trailer | Taapsee Pannu, Vikrant Massey, Harshvardhan Rane| Netflix India",18460990,296067,10082,0,1,sad,0.06093863636363636
VP5WVyB8z-g,Bheem Eats Spicy Chillies | Mighty Little Bheem | Netflix India,7022014,35186,0,0,0,Unknown,0.0
QiqHvUul4wc,"The Best Life Advice ft. Shahrukh Khan, Ranbir Kapoor, BoJack & More | Netflix India",286499,15849,357,0,1,neutral,0.14009019660894664
P0P_Sfju0-Q,"Ray | Official Trailer | Manoj Bajpayee, Ali Fazal, Kay Kay Menon & Harshvarrdhan Kapoor",7316029,217716,11326,0,1,sad,0.13344944444444445
J_Hz5c0_3Jo,"Best Bollywood One-Liners ft. Shahrukh, Paresh, Kareena, Akshay, Kajol & More | Netflix India",281689,8872,227,0,1,happy,0.13293948412698411
e2GGoqKQsv8,Mammootty Goes For An Auto Rickshaw Ride | One | Malayalam Film | Netflix India,9031515,108920,2918,0,1,happy,0.08137500000000002
TxzorsKQbNY,@ashishchanchlanivines Helps Arjun Kapoor | Sardar Ka Grandson | Netflix India,2648729,220813,3975,0,1,happy,0.11569090909090911
PPtVwZxdDc8,Money Heist: Part 5 | Date Announcement | Netflix India,3765039,200917,9538,0,0,Unknown,0.031389880952380954
ob_gOD8fKHs,Bheem Can’t Stop Dancing | Mighty Little Bheem | Netflix India,9741519,43656,0,0,0,Unknown,0.0
pn6PPv_Y6Mc,The One Where Chandler Tries A Bubble Bath | Friends | Netflix India,1565294,21413,631,0,0,Unknown,0.0016492875180375193
hLnC5MKFPfk,"Vicky Kaushal’s Purest Moments | Lust Stories, Love per Square Foot | Netflix India",299951,3642,102,0,1,happy,0.24508504689754698
mSrjAprANMY,Shahrukh & Alia Sing Together | Musical Kursi | Dear Zindagi | Netflix India,601343,11743,159,0,0,Unknown,0.21429880952380953
MixfE6OHMRA,Motu Ne Khaaye Italy Mein Samose! | Motu Patlu in the Game of Zones | Netflix India,37146185,120379,0,0,0,Unknown,0.0
Cb3wCFsLWsQ,Ranbir Kapoor Asks For A Retake | See You Soon | Netflix India,218328,9186,290,0,1,neutral,0.09870577801827803
vRzgLJMP4zc,Cinema Bandi | Official Trailer | Telugu Film | Raj & DK | Praveen Kandregula | Netflix India,1471941,41973,2057,0,0,Unknown,0.24291327078683034
ve_z2YZKHgQ,Can @Mythpat Surprise His Ajji? 👀 | Netflix India,7298665,328704,6635,0,1,fear,0.16971666666666663
kjN8cHOMhc0,Aamir Khan's Last Ball Six | Lagaan Ending Scene | Netflix India,1371338,22008,583,0,0,fear,0.1168186507936508
fG9GyEjPq2A,Alma Matters: Inside The IIT Dream | Official Trailer | Netflix India,3019326,107652,3301,0,1,neutral,0.1129312143759019
gvjrzQHjlfU,"Types Of Best Friends ft. Shahrukh, Prajakta, Chandler, Joey & More | Netflix India",162528,6361,121,0,1,happy,0.09783156966490299
NnX1LhKanXI,Bheem Loves Eating Carrots | Mighty Little Bheem | Netflix India,92243162,195663,0,0,0,happy,0.0
hsKzztFbmmM,"How They Met Each Other ft. Shahrukh, Kajol, Rohit, Prajakta & More | Netflix India",199919,7865,158,0,1,happy,0.11278762626262626
a1tPaZyq8pk,@tanmaybhat Reacts To Race 2 ft. Aishwarya Mohanraj | Part 2 | Netflix India,2054853,122363,2499,0,1,happy,0.04136311553030302
HHJkUQGm2H8,Army of the Dead | Zack Snyder | Hindi Trailer | Netflix India,2955391,93837,3006,0,0,Unknown,0.12245833333333332
9LGrzIRR6Hc,Searching For Sheela | Official Trailer | Ma Anand Sheela | Netflix India,508966,6839,699,0,1,happy,-0.01592149057539682
UF9DYwqMANw,"Tabu's Acting Will Blow You Away | Andhadhun, Haider, Drishyam, Fitoor & More! | Netflix India",170865,3646,146,0,1,neutral,0.1725715702947846
y76X-b4_Q98,"The BEST Fried Food In Kerala ft. Soubin Shahir, Darshana Rajendran & Sharan Nair | Menu Please",898563,25315,764,0,1,happy,0.12262412812881562
EImTzMiVdzo,Ajeeb Daastaans | Official Trailer | Netflix India,8869164,98903,2745,0,1,sad,0.1354224621725384
eJPAd72e8k4,The Big Day: Collection 2 | Official Trailer | Netflix India,210413,2873,134,0,1,happy,0.10261386624396135
WsjRWM0EhvM,Aamir Khan Proves He Can Read People's Minds | Anushka Sharma | PK | Netflix India,3547274,37945,551,0,1,fear,0.12076317340067337
iqihTaHblzM,Will One Punch Man Pass The Ultimate Hero Test? | Netflix India,366041,18312,1389,0,0,Unknown,0.0523574190566378
M79fkBYGIAA,"7 Steps to Ace Your Exams | Lakshya, Dangal, Gunjan Saxena, Secret Superstar & More | Netflix India",236062,17214,394,0,1,neutral,0.06511904761904765
GyJ5GDuV0p0,Holi: Then vs. Now | @CaptainNick | Netflix India,271538,14902,361,0,1,happy,0.1770562815656566
DGF4FjX1nrc,Thalapathy Vijay Mass Airport Scene | Mersal | Tamil Film | Netflix India,6900421,84098,2300,0,1,neutral,0.1199375
H0ElOyZjeQA,"Nana Patekar’s FUNNIEST Scene | Aloo Le Lo | Akshay Kumar, Katrina Kaif | Welcome",790066,10374,186,0,1,angry,0.1043952380952381
y_lYNL2jN78,"Behensplaining | Srishti Dixit, Kusha Kapila & Dolly Singh Review Hum Saath Saath Hai",618601,26351,741,0,1,happy,0.2540685741341991
OeQhJNbZw1o,Neena Gupta Celebrates Her Own Birthday | Zindagi In Short | Netflix India,1744269,17292,426,0,1,fear,0.21833344757094764
4VpYOMHouHg,"When Don Meets Mona Darling | Deepika Padukone, Ranbir Kapoor | Tamasha | Netflix India",450548,8617,232,0,1,happy,0.18160675505050503
rYxtIHE3fTA,Akshay Kumar Goes To Buy Sanitary Pad | Radhika Apte | Pad Man | Netflix India,2509236,30183,608,0,0,Unknown,0.10289807484182484
b1AIAyzeT7I,The Saddest Scene In Fullmetal Alchemist: Brotherhood | Nina & Alexander | Netflix India,2734411,43266,2019,0,0,Unknown,-0.04973431299603174
yYQq2sjG2AA,Things Everyone Should Stop Telling Parsis | Netflix India,334995,7992,782,0,1,neutral,0.1403125234140859
63AZw9muiSU,Shahrukh Khan Gives The Best Relationship Advice To Alia Bhatt | Dear Zindagi | Netflix India,1823031,47687,723,0,1,fear,0.20042173520923515
0xVqPbvLzX4,"Pagglait | Official Trailer | Sanya Malhotra, Sayani Gupta & Ashutosh Rana",7028805,116647,2484,0,1,sad,0.22107810899897593
heRQpkIytd4,"What Is Love? | Shahrukh, Prajakta, Ranbir, Deepika, Priyanka & More | Netflix India",182137,7254,234,0,1,happy,0.08881700937950938
B2V3BpuReZA,If Your Love Story Was A K-Drama ft. Aisha Ahmed & Ayush Mehra | Netflix India,7815140,186915,4151,0,1,surprise,0.054900000000000004
FzwhKDZngfk,Hrithik Roshan's Training Gone Wrong | Lakshya | Netflix India,5855158,75335,840,0,1,neutral,0.09514824907235621
uDugRIcr2p0,"Women Who Inspire Us Everyday Ft. Priyanka Chopra Jonas, Kajol, Katrina Kaif & More | Netflix India",726521,21964,392,0,1,surprise,0.11595050505050505
QvWAO1eSsVU,She’s Just A Story Away | Happy Women’s Day | Voiced By Shahana Goswami | Netflix India,147451,8316,207,0,1,happy,0.199061789021164
uldZBxLGaC0,"Major Ram Saves Lucky | Shahrukh Khan, Zayed Khan | Main Hoon Na | Netflix India",7340561,53874,849,0,1,angry,0.09123789082940867
AsamWza2MYk,Behensplaining | Kusha Kapila & Srishti Dixit​ Review Bridgerton | Netflix India,521486,20483,907,0,1,neutral,0.13102380952380954
x-PxGjUrhKg,Bheem Helps Everyone In The Village | Mighty Little Bheem | Netflix India,25290103,89546,0,0,1,neutral,0.0
zoVUoVu1QZU,"Thappad Se Darr Nahi Lagta Sahab | Salman Khan, Sonakshi Sinha | Dabangg | Netflix India",7363780,36361,529,0,1,sad,0.10618506493506494
pnuGGwCFxsM,The BEST Instant Noodles | Parineeti Chopra | Menu Please | The Girl On The Train | Netflix India,368005,10656,257,0,1,happy,0.17973019480519484
3utkSyC_mjk,"What If Netflix Characters Were In Biggest Boss | Shivankit, Badri, Abhinav, Chhote Miyan & Saloni",1722084,55179,1034,0,1,neutral,0.13791666666666663
7ZLJDJNhzSo,"7 Lessons We Need To Learn From Zindagi In Short | Aisha Ahmed, Manjot Singh, Neena Gupta & More!",207397,3744,69,0,1,fear,0.15062484347608313
yXpL9Lz558o,Shruti Haasan & Sanjith Hegde's Rooftop Date | X Life | Pitta Kathalu | Netflix India,550874,9463,266,0,1,happy,0.0864123776830808
zheMCw4J-jI,"Jagame Thandhiram | Teaser | Dhanush, Aishwarya Lekshmi | Karthik Subbaraj | Netflix India",18882364,673272,19615,0,1,neutral,0.06952168367346939
OOObTf5XTMQ,@tanmaybhat Reacts to The Big Day ft. Aishwarya Mohanraj | Netflix India,3303830,99332,2072,0,1,happy,0.10110019841269845
CFlshTLPRys,The Ultimate Kuch Kuch Hota Hai Debate | @aishmrj & Vishnu Kaushal | Netflix India,486624,17834,450,0,1,neutral,0.023739033189033195
luLdMdAHvVI,Behensplaining | Kusha Kapila & Dolly Singh Review Jab We Met | Netflix India,454084,23081,563,0,1,happy,0.2032332296176046
Fkt-OvyJhnU,"Savage Comebacks ft. Kareena Kapoor Khan, Kiara Advani, Radhika Apte, Priyanka Chopra Jonas",1420380,38058,537,0,1,neutral,0.1056630611359127
wWlp65xLPMs,"Meera | Pitta Kathalu | Teaser | Amala Paul, Jagapathi Babu, Ashwin Kakumanu | Netflix India",2116194,7809,124,0,1,fear,0.11702380952380954
h2Kwb-du56Q,Parineeti Chopra Tries Out The WEIRDEST Things! | Netflix India,521027,14331,480,0,1,happy,0.1961269052128427
Mf5QroBU-QY,"2 Truths & A Lie: Bollywood Edition | Lana Condor, Anna Cathcart, Janel Parrish | Netflix India",866920,33689,601,0,1,happy,0.10233577628968252
hVG9KoXhybk,"Ramula | Pitta Kathalu | Teaser | Saanve Megghana, Lakshmi Manchu | Netflix India",207245,2105,69,0,0,Unknown,0.1096718533039288
2BKdss-_jbw,Are Prajakta Koli & Rohit Saraf On A Non-Date? | Valentine’s Day Special | Netflix India,873379,41756,728,0,1,fear,0.15054724702380953
FC0ONnH803I,Behensplaining | Srishti Dixit & Dolly Singh Review Yeh Jawaani Hai Deewani | Netflix India,702579,29354,631,0,1,happy,0.17675228174603175
Rb4pBhSeipw,Rishi Asks Dimple Out For A Non-Date | Mismatched | Netflix India,443097,10340,231,0,1,surprise,0.0802357142857143
cX9m36aSUMk,Were Ross & Rachel On A Break? | Friends | Yashaswini Dayama & Vishnu Kaushal | Netflix India,235447,14338,644,0,1,neutral,-0.015416381919188649
IuxkqjSydUo,"Doob: No Bed of Roses | Official Trailer | Irrfan Khan, Nusrat Imrose Tisha & Parno Mitra",2569622,101969,3405,0,1,sad,0.17454617604617606
3sygpZkutV4,Mithila Palkar Straightens Her Hair & Answers Questions | Netflix India,216033,5312,138,0,1,happy,0.18074305555555553
YCqEPKA5DSY,"Pitta Kathalu | Official Trailer | Shruti Haasan, Eesha Rebba, Amala Paul, Saanve Megghana",2283769,29612,1050,0,1,fear,0.110928089569161
LE8-4aRf5VQ,"The Girl On The Train | Official Trailer | Parineeti Chopra, Aditi Rao Hydari & Kirti Kulhari",8652932,170971,7813,0,1,neutral,0.10320982744107746
y4-CB0L4UNk,What is @triggeredinsaan's Lakshya? | Triggered Kahaaniyaan | Netflix India,1141154,110516,3388,0,1,neutral,0.07891071428571428
oqW-YWGRrSk,5 Kajol Moments We All Love | Netflix India,196391,4521,215,0,1,happy,0.24389957482993205
1nzSLjWpKuk,"Top 5 Mithila Palkar Moments | Little Things, Tribhanga, Chopsticks, Muramba & Katti Batti",219554,5083,110,0,1,neutral,0.1265837585034014
7z1bv8CtQxs,Baahubali and Devasena Arrow Fight Scene | Baahubali 2: The Conclusion | Netflix India,12674903,70509,1456,0,1,sad,0.08627083333333331
zsn2vuO8x-Y,Farhan Akhtar Stands Up For Priyanka Chopra Jonas | Dil Dhadakne Do | Netflix India,2551105,48206,858,0,1,fear,0.19697388054653683
AiuL4dd4Sq8,"Rajkummar Rao BEST Scenes | Ludo, Stree, Queen, Bareily Ki Barfi & More! | Netflix India",1327104,28339,430,0,1,happy,0.18927234397546894
7vD70_5Xadc,Is Love Enough? Sir | Official Trailer | Tillotama Shome & Vivek Gomber | Netflix India,3560647,56138,2022,0,0,Unknown,0.08983630952380951
W8lOsZXNcvY,Deepika Padukone Iconic Saat Minute Speech ft. Shahrukh Khan | Happy New Year | Netflix India,1061063,10757,330,0,1,sad,0.09450757575757576
SEkNWdRLSOs,"Meet Kajol, Mithila Palkar & Tanvi Azmi As Anu, Masha & Nayan | Tribhanga | Netflix India",305243,4912,173,0,1,neutral,0.21897171717171715
bAUVcQEI2xk,"To All The Boys: Always and Forever | Official Trailer | Noah Centineo, Lana Condor | Netflix India",832349,40510,1365,0,0,Unknown,0.09227135839420994
SZUkouCPYIc,"2021 Film Preview | Trailer | Dwayne Johnson, Lana Condor, Leonardo DiCaprio & More!",353080,15776,869,0,1,happy,0.14226388888888888
kg5iYB33_NE,Shahrukh Khan's Life Advice | Alia Bhatt | Kursi Scene | Dear Zindagi | Netflix India,1102395,27929,394,0,0,Unknown,0.0938975725509059
xaCEwyKD_Ug,Bheem Cooks The Best Pongal | Mighty Little Bheem: Kite Festival | Netflix India,792693336,2704959,0,0,0,Unknown,0.0
zVNmHMWv2mc,"Tribhanga | Official Trailer | Kajol, Mithila Palkar, Tanvi Azmi, Kunaal Roy Kapur",4452132,78113,1796,0,1,happy,0.24858210565476196
x77COWSWnuA,Allu Arjun Police Station Fight Scene | Ala Vaikunthapurramloo | Netflix India,19120408,149913,2161,0,0,neutral,0.0668095238095238
tJvmkanKdVM,Ranbir Kapoor's 2021 Life Lessons | Netflix India,303162,20950,745,0,1,neutral,0.18685248015873018
7b8it7JPqHE,The White Tiger | Official Hindi Trailer | Netflix India,3333848,62268,1514,0,0,Unknown,0.08382380952380952
0zfEBGUV3js,Son of Abish ft. Anil Kapoor & Anurag Kashyap | Netflix India,571054,16798,535,0,1,happy,0.12785246324855698
_HDEMogtzKY,Which Is India’s Best Biryani? ft. Shayan Roy & Srishti Dixit |  Menu Please Year End Special,451204,14131,1030,0,1,fear,0.21537499999999998
Dt5kNigiUek,Anil Kapoor & Jackie Shroff Review Anurag Kashyap Films | Maushisplaining | Netflix India,1032271,34159,783,0,1,sad,0.14815615079365074
xp0ovGyyenM,"Love Panna Utturnam by Vignesh Shivan | Paava Kadhaigal | Official Teaser | Anjali, Kalki & Padam",395814,5164,213,0,1,sad,0.12383376623376624
fZNfl53TrFs,Anil Kapoor & Anurag Kashyap Exchange Houses | AK vs AK | Netflix India,928757,26124,641,0,0,neutral,0.13799999999999998
ACTeSSVQzZU,"Rohit Saraf BEST Scenes | Mismatched, Ludo, Dear Zindagi, The Sky Is Pink | Netflix India",959784,34535,658,0,0,happy,0.1590046536796537
dPcR6HRhZK0,Jab We Met Iconic Phone Call Scene | Kareena Kapoor Khan | Netflix India,527329,11448,268,0,1,sad,0.13633690476190474
cE6t9b4lR0A,Cobra Kai: Season 3 | Hindi Trailer | Netflix India,223966,7936,429,0,0,Unknown,0.12108253376397907
qWeYLnSqyvg,Prajakta Koli & Rohit Saraf Cold Coffee Scene | Mismatched | Netflix India,1981892,40238,638,0,0,Unknown,0.05912797619047619
3m59PYrw52k,Bollywood Stars UNSEEN FIGHT IN PUBLIC | Fabulous Live of Bollywood Wives | Netflix India,757503,6695,991,0,1,neutral,0.04061123737373737
MteHcVk-_jo,"Paava Kadhaigal | Official Trailer | Gautham Menon, Vetri Maaran, Sudha Kongara & Vignesh Shivan",5939307,111660,3664,0,1,happy,0.1838928160728161
AUHplWmPuwo,"Why Did Netflix Do This To Us?? | @ashishchanchlanivines, @Mythpat, @SlayyPointOfficial, @kushakapila5643",6873817,374668,11657,0,1,fear,0.08056547619047619
ej47JbL67yw,"Son of Abish ft. @PearleMaaneyShow, @KennySebastian & The Youngest Guest | Netflix India",909548,24487,751,0,1,sad,0.09763218031968032
blRe2wQP-_U,"Aise Kyun | Official Music Video | Anurag Saikia, Raghav & Nikhita | Raj Shekhar | Mismatched",13078662,194062,2397,0,0,Unknown,0.1692758658008658
eoVpkPLpScc,Prajakta Koli and Rohit Saraf's Non-Date | Mismatched | Netflix India,677445,15066,337,0,0,Unknown,0.12602316468253968
tNHlsFlPkVU,"Mismatched Jukebox- All Songs | @prateekkuhadmusic, @ritvizji, @royaljasleen | Netflix India",1230171,34456,576,0,0,Unknown,0.10789211224972942
esRZchm3Gq8,Beth vs 12 Players | Simul Chess Scene | The Queen's Gambit | Netflix India,3526853,32912,982,0,0,neutral,0.17804241780728852
i9eyZme8fLo,"Mismatched: Bloopers | Prajakta Koli, Rohit Saraf | Netflix India",2464897,69497,702,0,1,happy,0.14569502164502166
jiXvpA_gE0o,Prajakta Koli & Rohit Saraf Take The Pick Up Line Challenge | Mismatched | Netflix India,2217495,81720,912,0,1,fear,0.10649404761904765
IW2-gsi7SSI,On Set with the Cast of Ludo | Behind the Scenes | Ludo | Netflix India,1560260,35366,603,0,0,Unknown,0.33702442002441996
ACRTKMgu6lc,Prateek Kuhad - Kahaan Ho Tum | Official Music Video | Prajakta Koli & Rohit Saraf | Mismatched,4232613,129156,1228,0,0,Unknown,0.16557167658730157
VJ1PAmIbZFM,Prajakta Koli & Rohit Saraf as Dimple & Rishi | Mismatched | Netflix India,750154,22662,391,0,0,Unknown,0.08883077692360977
tHSi6GRrLns,Aditya Roy Kapur & Sanya Malhotra as Dr. Akash & Shruti | Ludo | Netflix India,357375,5401,119,0,1,neutral,0.2012423716329967
CNy855q6u6I,Abhishek Bachchan & Inayat Verma as Bittu & Mini | Ludo | Netflix India,477514,8537,183,0,0,Unknown,0.20647436507936512
vv__-0tgAEA,What If Ludo Was A Person ft. @ashishchanchlanivines | Ludo | Netflix India,8147406,459273,4095,0,1,sad,0.11199240451388888
pHIOCWfEcOA,"Types of College Friends ft. Prajakta Koli, Rohit Saraf | Mismatched | Netflix India",259587,9711,171,0,1,neutral,0.12177294823232325
IwsHwyEack0,Why is Breaking Bad the Best Show Ever? | Decode with @dhruvrathee | Netflix India,1575953,61475,5660,0,1,happy,0.060685606060606044
VO1qLZXIwv0,Prajakta Koli & Rohit Saraf React to Their Trailer | Mismatched | Netflix India,1315272,53087,757,0,1,happy,0.1515849175347222
uYmwNNkix-k,"Mismatched | Official Trailer | Prajakta Koli, Rohit Saraf & Rannvijay Singha | Netflix India",5722565,170124,5231,0,1,neutral,0.06050729675417176
ww44r3aXs48,Emily In Paris | Hindi Trailer | Netflix India,223350,3727,156,0,1,fear,0.12426871296552149
dbHu3StsZi0,Money Heist: The Spanish Masala Blockbuster | Decode with @dhruvrathee | Netflix India,1516821,61544,2737,0,1,happy,0.11646780303030305
r5K0bwe5NBc,Miss India | Official Trailer | Keerthy Suresh | Netflix India,7541162,207176,5030,0,1,happy,0.07473039891395154
S7DPXk5Ym6I,Ishaan Khatter as Maan | A Suitable Boy | Netflix India,471741,5543,215,0,1,neutral,0.1381712481962482
Oxmm238BH7k,Tanya Maniktala as Lata | A Suitable Boy | Netflix India,326031,4999,186,0,1,happy,0.16607211850649353
CaqaSccbcP0,Rooting For Roona | Behind The Scenes | Netflix India,844942,19288,660,0,1,neutral,0.05852935906685907
l1OXgoX_2vU,"@Mythpat Dubs ZNMD | Among Us with Hrithik Roshan, Farhan Akhtar, Abhay Deol | Netflix India",5464509,382915,6456,0,1,angry,0.1064861111111111
NrAitsCP11g,Shah Rukh Khan's Most Emotional Speech | Kal Ho Naa Ho | Netflix India,1981115,49682,1308,0,1,sad,0.12170635521885519
P9KxAJAWhGc,"A Suitable Boy | Official Trailer | Tabu, Ishaan Khatter, Tanya Maniktala | Netflix India",3256696,42788,2508,0,1,neutral,0.12128035456606887
IA8GXpQDtSA,Rooting for Roona | Official Trailer | Netflix India,16087331,150810,7000,0,0,Unknown,0.05095856180856182
i_1W7agHwAA,Nawazuddin Siddiqui's 4G Theory | Serious Men | Netflix India,141950,4844,175,0,1,sad,0.15308461657390227
oAs5khkftsw,@YashrajMukhateOfficial: Marriages Are Breaking Like Biscuits | Dialogue With Beats | Netflix India,2998071,180416,3085,0,1,sad,0.1563069196428571
WTJW2Ol1c0g,"Ginny Weds Sunny | Official Trailer | Vikrant Massey, Yami Gautam & Ayesha Raza | Netflix India",8687655,210086,7668,0,0,Unknown,0.16518364448051936
naXf8R1aOik,"Serious Men | 2nd Oct | Official Trailer | Nawazuddin Siddiqui, M. Nasser, Sudhir Mishra | Netflix",9567394,293962,9145,0,1,neutral,0.14696829906204903
U-CigH1AlAU,Farhan Akhtar's Heart Warming Poem | Zindagi Na Milegi Dobara | Netflix India,1271216,48193,611,0,0,Unknown,0.17094342596236536
k_hIVDupXkQ,Meet Dolly | Konkona Sen Sharma | Dolly Kitty Aur Woh Chamakte Sitare | Netflix India,170837,2770,123,0,1,angry,0.1322183977047258
INzU-gFx_gA,Neena Gupta Is Mom Goals | Masaba Masaba | Netflix India,437905,8850,183,0,0,Unknown,0.2868925557659933
DKlVz1R41jQ,Pankaj Tripathi's Motivational Speech | Gunjan Saxena: The Kargil Girl | Netflix India,346363,8415,175,0,1,neutral,0.1903863876863877
i3IuXm_de3I,"Masaba Masaba | Official Trailer | Masaba Gupta, Neena Gupta | Netflix India",2304763,49653,1478,0,0,Unknown,0.2136791486291486
_dO3HsZa4nM,Pankaj Tripathi & Janhvi Kapoor: The Best Father-Daughter Duo | Gunjan Saxena | Netflix India,170616,5752,617,0,1,happy,0.21912145219198792
wlVAQMB7TDY,Class of ’83 | Official Trailer | Bobby Deol | Netflix India,8987238,239174,17092,0,0,Unknown,0.20722276334776338
To54dv2jnJg,"Permission Leni Chahiye, Na? | Nawazuddin Siddiqui | Gangs of Wasseypur | Netflix India",4550141,49430,1514,0,1,neutral,0.05506879509379508
_aYDuKtJUfM,Nawazuddin Siddiqui Interrogates Radhika Apte | Raat Akeli Hai | Netflix India,7300555,30764,384,0,0,Unknown,0.1152366522366522
MQRe-1fiNTI,Nawazuddin Siddiqui & Radhika Apte Break Down Raat Akeli Hai | Honey Trehan | Netflix India,353555,2723,142,0,1,neutral,0.21212413013088965
rtGIq9Xjnrw,GUNJAN SAXENA: The Kargil Girl | Official Trailer | Netflix India,13133959,372963,58974,0,1,sad,0.2281799512987013
UqtRNSzYMwc,Bulbbul & Satya's Reunion | Tripti Dimri & Avinash Tiwary | Bulbbul | Netflix India,1963478,23823,463,0,1,fear,0.17132703688672443
PmvsAi89BDM,Bathroom Fight Scene | Tom Cruise & Henry Cavill | Mission: Impossible- Fallout | Netflix India,15675444,179145,6890,0,1,sad,0.10286190476190475
